{"cameraMode":{"drawMode":0,"name":"Shaded","section":"Shading Mode"},"sceneLighting":false,"audioPlay":false,"sceneViewState":{"m_AlwaysRefresh":false,"showFog":true,"showSkybox":false,"showFlares":true,"showImageEffects":true,"showParticleSystems":true,"showVisualEffectGraphs":true,"m_FxEnabled":true},"in2DMode":false,"pivot":{"x":-0.3736872673034668,"y":1.4092228412628174,"z":0.9763121604919434},"rotation":{"x":-0.08644071221351624,"y":0.8903322219848633,"z":-0.19005483388900758,"w":-0.40493083000183108},"size":2.1635000705718996,"orthographic":false}