{"cameraMode":{"drawMode":0,"name":"Shaded","section":"Shading Mode"},"sceneLighting":false,"audioPlay":false,"sceneViewState":{"m_AlwaysRefresh":false,"showFog":true,"showSkybox":false,"showFlares":true,"showImageEffects":true,"showParticleSystems":true,"showVisualEffectGraphs":true,"m_FxEnabled":true},"in2DMode":false,"pivot":{"x":-0.3343513607978821,"y":0.3469640910625458,"z":-1.3768998384475709},"rotation":{"x":0.000981185701675713,"y":-0.9991012215614319,"z":0.024289602413773538,"w":0.03774198144674301},"size":1.333012580871582,"orthographic":false}