{"cameraMode":{"drawMode":0,"name":"Shaded","section":"Shading Mode"},"sceneLighting":false,"audioPlay":false,"sceneViewState":{"m_AlwaysRefresh":false,"showFog":true,"showSkybox":false,"showFlares":true,"showImageEffects":true,"showParticleSystems":true,"showVisualEffectGraphs":true,"m_FxEnabled":true},"in2DMode":false,"pivot":{"x":-0.8705359697341919,"y":3.452031135559082,"z":-1.6141328811645508},"rotation":{"x":0.07478153705596924,"y":-0.11050723493099213,"z":0.008345945738255978,"w":0.9911367297172546},"size":3.6219093799591066,"orthographic":false}