{"cameraMode":{"drawMode":0,"name":"Shaded","section":"Shading Mode"},"sceneLighting":false,"audioPlay":false,"sceneViewState":{"m_AlwaysRefresh":false,"showFog":true,"showSkybox":false,"showFlares":true,"showImageEffects":true,"showParticleSystems":true,"showVisualEffectGraphs":true,"m_FxEnabled":true},"in2DMode":false,"pivot":{"x":-1.3928664922714234,"y":4.867126941680908,"z":-1.5118865966796876},"rotation":{"x":0.07478153705596924,"y":-0.11050723493099213,"z":0.008345945738255978,"w":0.9911367297172546},"size":2.721909523010254,"orthographic":false}